Start, construct relations from relations_xxx.csv


Loaded Relation SET Data



Loaded HqdmAllAsData



Calc pure Hqdm Relations!



Printable binary relations:

hqdm:e5ec5d9e-afea-44f7-93c9-699cd5072d90,hqdmRelation:85e78ac0-ec72-478f-9aac-cacb520290a0,hqdm:universal_relation_set,hqdm:e5ec5d9e-afea-44f7-93c9-699cd5072d90,,0,-1,False,
hqdm:e5ec5d9e-afea-44f7-93c9-699cd5072d90,hqdmRelation:58d8936d-5887-4cf1-9f15-e96fa07f430e,hqdm:member__of,hqdm:4a8cba08-035c-4902-935b-26da61ed282c,,0,-1,False,
hqdm:e5ec5d9e-afea-44f7-93c9-699cd5072d90,hqdmRelation:7b3caec7-7e9d-47cd-bb19-19d2872c326f,hqdm:universal_part_relation_set,hqdm:e5ec5d9e-afea-44f7-93c9-699cd5072d90,,0,-1,False,
hqdm:e5ec5d9e-afea-44f7-93c9-699cd5072d90,hqdmRelation:2db5490e-01d0-491e-bd64-67ac616f65a0,hqdm:universal_set_relation_set,hqdm:e5ec5d9e-afea-44f7-93c9-699cd5072d90,,0,-1,False,
hqdm:e5ec5d9e-afea-44f7-93c9-699cd5072d90,hqdmRelation:cfb37186-d2d6-48de-a418-6197bdf0a7b0,hqdm:universal_order_relation_set,hqdm:e5ec5d9e-afea-44f7-93c9-699cd5072d90,,0,-1,False,
hqdm:e5ec5d9e-afea-44f7-93c9-699cd5072d90,hqdmRelation:37584690-bff0-493f-80bc-f007af0217fc,hqdm:universal_reified_relation_set,hqdm:e5ec5d9e-afea-44f7-93c9-699cd5072d90,,0,-1,False,
hqdm:dd8359c4-0a2b-416a-af27-3bcb0551b41a,hqdmRelation:ac3fd9bd-a64d-4e87-8da6-1ce76451fde5,hqdm:part__of,hqdm:dd8359c4-0a2b-416a-af27-3bcb0551b41a,,0,-1,False,
hqdm:dd8359c4-0a2b-416a-af27-3bcb0551b41a,hqdmRelation:96c965a9-ec3e-47f2-b18e-b67147bc0873,hqdm:beginning,hqdm:545b4541-8a34-46b8-8704-2265be0244c3,,0,-1,False,
hqdm:dd8359c4-0a2b-416a-af27-3bcb0551b41a,hqdmRelation:aee002be-0529-4b80-82b0-0a6bcca34e48,hqdm:ending,hqdm:545b4541-8a34-46b8-8704-2265be0244c3,,0,-1,False,
hqdm:dd8359c4-0a2b-416a-af27-3bcb0551b41a,hqdmRelation:d2bd9e45-948f-4570-91c2-b0693cd81363,hqdm:part_of_possible_world,hqdm:a5dc8c36-56fc-44c2-909b-7592b1f44fd7,,1,-1,False,
hqdm:dd8359c4-0a2b-416a-af27-3bcb0551b41a,hqdmRelation:e052b90c-13c3-4fea-8289-0c995656ed8f,hqdm:member_of,hqdm:bb6f6d3f-1ed1-41ab-942c-6b3667c5da37,,0,-1,False,
hqdm:dd8359c4-0a2b-416a-af27-3bcb0551b41a,hqdmRelation:2fe747d1-a196-41a2-baf5-7b603aed9c57,hqdm:temporal__part_of,hqdm:dd8359c4-0a2b-416a-af27-3bcb0551b41a,,0,-1,False,
hqdm:dd8359c4-0a2b-416a-af27-3bcb0551b41a,hqdmRelation:45718dab-3b33-4d47-ba46-ddaeef3cdf4c,hqdm:aggregated_into,hqdm:dd8359c4-0a2b-416a-af27-3bcb0551b41a,,0,-1,False,
hqdm:dd8359c4-0a2b-416a-af27-3bcb0551b41a,hqdmRelation:fa7b1f1a-1e9f-42b9-8513-ddb7a2e74c90,hqdm:consists__of,hqdm:dd8359c4-0a2b-416a-af27-3bcb0551b41a,,0,1,False,
hqdm:13bebbab-ce5c-4c3b-ac77-66713f303a0a,hqdmRelation:87bd55fd-4cc7-423d-90ab-a237cd759fb0,hqdm:temporal_part_of,hqdm:58107227-267a-4f2e-a44a-25bb61c6a455,,0,-1,False,
hqdm:13bebbab-ce5c-4c3b-ac77-66713f303a0a,hqdmRelation:65553ab0-e43d-4f6c-8f1d-76dad4610a54,hqdm:member_of,hqdm:fabc65fd-5fe0-4f68-87bb-b4eb93eb2f1b,hqdmRelation:e052b90c-13c3-4fea-8289-0c995656ed8f,0,-1,True,
hqdm:58107227-267a-4f2e-a44a-25bb61c6a455,hqdmRelation:c037270e-801f-4957-ad79-239954cedc37,hqdm:member_of,hqdm:b0432482-12dc-432c-ac56-828da404fb14,hqdmRelation:65553ab0-e43d-4f6c-8f1d-76dad4610a54,0,-1,True,
hqdm:58107227-267a-4f2e-a44a-25bb61c6a455,hqdmRelation:6e23c714-9241-4132-aa7b-82391c6a60b7,hqdm:member_of_kind,hqdm:872000dc-f6b0-41db-a564-eb8f82f7a97c,hqdmRelation:65553ab0-e43d-4f6c-8f1d-76dad4610a54,0,-1,False,
hqdm:db723822-93f7-4c1d-8f17-fb094a5c10d9,hqdmRelation:9b3d0e37-c23c-48f7-8e43-d70061a22a5f,hqdm:member_of,hqdm:3bb531a7-acb6-4096-b44f-6a0024ec090c,hqdmRelation:c037270e-801f-4957-ad79-239954cedc37,0,-1,True,
hqdm:db723822-93f7-4c1d-8f17-fb094a5c10d9,hqdmRelation:b473c2ce-903a-4169-96dc-430855cf97ed,hqdm:member_of_kind,hqdm:27cca0db-6a93-4720-881c-1a27a08e8275,hqdmRelation:c037270e-801f-4957-ad79-239954cedc37,0,-1,True,
hqdm:f9cb048d-a2f7-4ff6-b824-c59b44e2aabe,hqdmRelation:4096218c-eac7-44a6-90f8-e7ac21599c85,hqdm:temporal_part_of,hqdm:db723822-93f7-4c1d-8f17-fb094a5c10d9,hqdmRelation:87bd55fd-4cc7-423d-90ab-a237cd759fb0,0,-1,True,
hqdm:f9cb048d-a2f7-4ff6-b824-c59b44e2aabe,hqdmRelation:96a99f0a-1e95-48a1-976e-2d50a0610d64,hqdm:member_of,hqdm:09ff1076-4557-48d3-b4eb-e4db4e8824ca,hqdmRelation:65553ab0-e43d-4f6c-8f1d-76dad4610a54,0,-1,True,
hqdm:1d81fb63-17e1-4f37-a2f6-3fb0c11b36c2,hqdmRelation:4da82cf9-b653-48be-bf96-1f73ffac5453,hqdm:temporal_part_of,hqdm:2d025173-f36f-46d5-a0fe-93e9c27ea08d,hqdmRelation:4096218c-eac7-44a6-90f8-e7ac21599c85,0,-1,True,
hqdm:1d81fb63-17e1-4f37-a2f6-3fb0c11b36c2,hqdmRelation:b2259b35-a177-41e8-83bd-129a55537871,hqdm:member_of,hqdm:0b2bf9d2-ded9-498d-b2c4-3131af57b4bf,hqdmRelation:96a99f0a-1e95-48a1-976e-2d50a0610d64,0,-1,True,
hqdm:2d025173-f36f-46d5-a0fe-93e9c27ea08d,hqdmRelation:0c2cbf60-72fe-40db-aa23-d4088358cea6,hqdm:member_of,hqdm:a3950bdd-ee55-4ef1-82f5-432181902751,hqdmRelation:b2259b35-a177-41e8-83bd-129a55537871,0,-1,True,
hqdm:2d025173-f36f-46d5-a0fe-93e9c27ea08d,hqdmRelation:8889d86e-7978-4c26-91c7-b3bc950bf573,hqdm:member_of_kind,hqdm:27a3a178-836a-4b42-94b9-6dbb0031a1c0,hqdmRelation:b2259b35-a177-41e8-83bd-129a55537871,0,-1,True,
hqdm:dddc968c-e4e3-4776-b227-6ec6f82160c9,hqdmRelation:1347cb1e-d53e-4986-918d-fe41feec961c,hqdm:member_of,hqdm:c904af87-8122-4e94-a39a-ca9ca79b0ca1,hqdmRelation:0c2cbf60-72fe-40db-aa23-d4088358cea6,0,-1,True,
hqdm:dddc968c-e4e3-4776-b227-6ec6f82160c9,hqdmRelation:4454bc3d-5ad1-4101-b40e-07e187975ebc,hqdm:member_of_kind,hqdm:ff161f9f-ba65-4a71-9728-9bda738e7371,hqdmRelation:0c2cbf60-72fe-40db-aa23-d4088358cea6,0,-1,True,
hqdm:4e4a8a47-3a4c-44b9-83cc-96a11041172a,hqdmRelation:fcbfd748-958e-4e83-a49d-985075188e9e,hqdm:temporal_part_of,hqdm:dddc968c-e4e3-4776-b227-6ec6f82160c9,hqdmRelation:4da82cf9-b653-48be-bf96-1f73ffac5453,0,-1,True,
hqdm:4e4a8a47-3a4c-44b9-83cc-96a11041172a,hqdmRelation:0401697a-3537-4ef7-bba8-11d19292678d,hqdm:member_of,hqdm:81ab8276-e2e3-41f9-9123-59e202cd70f6,hqdmRelation:b2259b35-a177-41e8-83bd-129a55537871,0,-1,True,
hqdm:5c790afa-c116-4721-8e7c-83624d1dd4bc,hqdmRelation:c61d7746-0177-4e93-9e5e-c3d0053e9082,hqdm:temporal_part_of,hqdm:dabf85cb-c1e7-489b-aa66-0572dd1bd1dd,hqdmRelation:9983fff9-72b0-43e1-9d77-0fd810e2ac0a,0,-1,True,
hqdm:5c790afa-c116-4721-8e7c-83624d1dd4bc,hqdmRelation:542f8aa4-ab24-4a48-9fe2-2adda03e2632,hqdm:member_of,hqdm:b3b33e0d-bdb4-42f6-a39a-2b99e8e7163c,hqdmRelation:f04f668e-5a43-41af-82e0-5806e3ca3118,0,-1,True,
hqdm:3e972910-5f22-4cd0-9de1-7c7af0925660,hqdmRelation:9983fff9-72b0-43e1-9d77-0fd810e2ac0a,hqdm:temporal_part_of,hqdm:22ff3254-a3d2-401e-bc2c-d8290558e708,hqdmRelation:4da82cf9-b653-48be-bf96-1f73ffac5453,0,-1,True,
hqdm:3e972910-5f22-4cd0-9de1-7c7af0925660,hqdmRelation:f04f668e-5a43-41af-82e0-5806e3ca3118,hqdm:member_of,hqdm:a3deeac0-8add-4ca6-a761-4e0255706cb0,hqdmRelation:b2259b35-a177-41e8-83bd-129a55537871,0,-1,True,
hqdm:486caeee-40d6-487d-ba45-67539e8c37b5,hqdmRelation:a4326e10-a747-449a-9435-87a04a21ada9,hqdm:temporal_part_of,hqdm:130e95f1-ebc4-46f1-90ba-3f9fa21cb77b,hqdmRelation:a7735b64-d0f4-4f35-870d-d28eff6f7c3f,0,-1,True,
hqdm:486caeee-40d6-487d-ba45-67539e8c37b5,hqdmRelation:88f601d8-575f-4316-8c75-1bb4635cf4e8,hqdm:member_of,hqdm:828b8a81-f980-4c91-b1bd-07228f20c524,hqdmRelation:ef1316a4-8a47-440c-a3d5-a0133765852b,0,-1,True,
hqdm:2878273d-20f6-434e-8aa9-99764432fd03,hqdmRelation:a7735b64-d0f4-4f35-870d-d28eff6f7c3f,hqdm:temporal_part_of,hqdm:eb620bb7-652e-45ef-bc04-31f7d7c5ee10,hqdmRelation:87bd55fd-4cc7-423d-90ab-a237cd759fb0,0,-1,True,
hqdm:2878273d-20f6-434e-8aa9-99764432fd03,hqdmRelation:ef1316a4-8a47-440c-a3d5-a0133765852b,hqdm:member_of,hqdm:befbebe7-5d03-4788-b6d5-f3ec513f0df4,hqdmRelation:65553ab0-e43d-4f6c-8f1d-76dad4610a54,0,-1,True,
hqdm:eb620bb7-652e-45ef-bc04-31f7d7c5ee10,hqdmRelation:ae6fa8e3-66d9-4931-be9d-c6a4e1a99618,hqdm:member_of,hqdm:c0ca71fd-5151-421a-9458-c7cd6125746a,hqdmRelation:c037270e-801f-4957-ad79-239954cedc37,0,-1,True,
hqdm:eb620bb7-652e-45ef-bc04-31f7d7c5ee10,hqdmRelation:853c9329-1274-4543-ac7c-9f570937a83a,hqdm:member_of_kind,hqdm:55a846ab-d7c0-4b94-86f2-1a17ed3c59e0,hqdmRelation:c037270e-801f-4957-ad79-239954cedc37,0,-1,True,
hqdm:130e95f1-ebc4-46f1-90ba-3f9fa21cb77b,hqdmRelation:3a82f569-fb12-4fd6-b893-80c272071a94,hqdm:member_of,hqdm:483944bf-ec3b-4daf-a838-a9e0eaf67b75,hqdmRelation:ae6fa8e3-66d9-4931-be9d-c6a4e1a99618,0,-1,True,
hqdm:130e95f1-ebc4-46f1-90ba-3f9fa21cb77b,hqdmRelation:bcd15b28-4d3e-41de-966c-fac27b7ff54c,hqdm:intended_role,hqdm:bbdadac6-65c2-4a03-9f74-9784b916378e,,1,-1,False,
hqdm:130e95f1-ebc4-46f1-90ba-3f9fa21cb77b,hqdmRelation:e9efea4b-cdcd-4a2d-ae1d-7e3e08655a71,hqdm:member_of_kind,hqdm:cc965f1b-26da-4230-b653-752e764add9e,hqdmRelation:ae6fa8e3-66d9-4931-be9d-c6a4e1a99618,0,-1,True,
hqdm:a980b931-9769-4975-847a-5d81405b213b,hqdmRelation:163a237b-c25f-4062-84ee-695f217d6bec,hqdm:component_of,hqdm:dabf85cb-c1e7-489b-aa66-0572dd1bd1dd,hqdmRelation:5df20202-283c-4273-9551-456cc182dd0d,1,1,True,
hqdm:a980b931-9769-4975-847a-5d81405b213b,hqdmRelation:4b8d5fdc-6694-4c58-998e-8d227d399a2d,hqdm:member_of,hqdm:08eef096-5390-4aba-a648-470aba6e3d4e,hqdmRelation:3a82f569-fb12-4fd6-b893-80c272071a94,0,-1,True,
hqdm:a980b931-9769-4975-847a-5d81405b213b,hqdmRelation:8ea62706-fa07-40d7-8586-a8768403c01e,hqdm:member_of_kind,hqdm:5ccc13dd-c63c-4502-aa0d-786410b138cd,hqdmRelation:3a82f569-fb12-4fd6-b893-80c272071a94,1,-1,True,
hqdm:7be2a6bd-cdd1-4730-a1a5-3540aae7f139,hqdmRelation:f7c8c901-6147-4a58-bf88-0fdd32dc9faa,hqdm:temporal_part_of,hqdm:a980b931-9769-4975-847a-5d81405b213b,hqdmRelation:a4326e10-a747-449a-9435-87a04a21ada9,0,-1,True,
hqdm:7be2a6bd-cdd1-4730-a1a5-3540aae7f139,hqdmRelation:2b009fed-c8fd-451a-b60a-f4b65104dae6,hqdm:member_of,hqdm:65c798a6-a51f-4bba-872a-a60d49594ec4,hqdmRelation:88f601d8-575f-4316-8c75-1bb4635cf4e8,0,-1,True,
hqdm:45c5b53c-7178-451f-a3f6-ad100daa2d8e,hqdmRelation:eb99aaa2-c16c-4d57-9716-409062cf4c00,hqdm:temporal_part_of,hqdm:2c20a948-5bc4-4da3-9b6e-a87027fe1026,hqdmRelation:4096218c-eac7-44a6-90f8-e7ac21599c85,0,-1,True,
hqdm:45c5b53c-7178-451f-a3f6-ad100daa2d8e,hqdmRelation:c4ad298b-f535-4f70-bfc8-7e3a8f9d9de4,hqdm:member_of,hqdm:a3dd76af-0812-4317-bb76-a568d9eee416,hqdmRelation:96a99f0a-1e95-48a1-976e-2d50a0610d64,0,-1,True,
hqdm:2c20a948-5bc4-4da3-9b6e-a87027fe1026,hqdmRelation:5df20202-283c-4273-9551-456cc182dd0d,hqdm:component_of,hqdm:dddc968c-e4e3-4776-b227-6ec6f82160c9,,1,1,False,
hqdm:2c20a948-5bc4-4da3-9b6e-a87027fe1026,hqdmRelation:3497e45e-e5d4-4966-80b7-b4ce16d1938e,hqdm:member_of,hqdm:66f9dfd3-2af7-44ce-8d01-6dbce8558a47,hqdmRelation:9b3d0e37-c23c-48f7-8e43-d70061a22a5f,0,-1,True,
hqdm:a6970168-65c7-49aa-8429-c2230ec69003,hqdmRelation:319ac105-0d66-4a1e-bc26-21b57dd1102f,hqdm:component_of,hqdm:51614e28-d493-4d36-a3d1-4d92cae43b5f,hqdmRelation:5df20202-283c-4273-9551-456cc182dd0d,1,1,True,
hqdm:a6970168-65c7-49aa-8429-c2230ec69003,hqdmRelation:f311a9d7-a651-4142-bc75-d34895426811,hqdm:member_of,hqdm:e7e9e543-5ec8-4325-9c14-f861930ee401,hqdmRelation:95bd611c-a9f8-42a5-a929-f29e6be47b50,0,-1,True,
hqdm:21c1fe82-1b48-46b3-8df8-6bddcbb2d92e,hqdmRelation:95bd611c-a9f8-42a5-a929-f29e6be47b50,hqdm:member_of,hqdm:174249f8-33f8-4998-b81a-bda093659982,hqdmRelation:ce789976-153f-45da-81cf-70f6665c0853,0,-1,True,
hqdm:21c1fe82-1b48-46b3-8df8-6bddcbb2d92e,hqdmRelation:bd614e94-57ad-4133-9c55-839546c79522,hqdm:member_of_kind,hqdm:04c18886-d1fc-4cc8-8f58-228b2b6686dc,hqdmRelation:ce789976-153f-45da-81cf-70f6665c0853,0,-1,True,
hqdm:f5ac9254-2b93-4ed7-b89e-70994842b438,hqdmRelation:d6865f69-4c0c-4a3d-9d95-803ddce86b82,hqdm:temporal_part_of,hqdm:21c1fe82-1b48-46b3-8df8-6bddcbb2d92e,hqdmRelation:4096218c-eac7-44a6-90f8-e7ac21599c85,0,-1,True,
hqdm:f5ac9254-2b93-4ed7-b89e-70994842b438,hqdmRelation:ce789976-153f-45da-81cf-70f6665c0853,hqdm:member_of,hqdm:6beb4515-89e8-4bce-9318-77935200f9bb,hqdmRelation:96a99f0a-1e95-48a1-976e-2d50a0610d64,0,-1,True,
hqdm:80ff5ac6-d73a-465c-a3eb-e133b7f3d9a4,hqdmRelation:3ce58389-5adb-4a54-914c-ad03d629ea1f,hqdm:temporal_part_of,hqdm:4b4c601d-5ec9-44f4-b6b0-836fc7933830,hqdmRelation:d6865f69-4c0c-4a3d-9d95-803ddce86b82,0,-1,True,
hqdm:80ff5ac6-d73a-465c-a3eb-e133b7f3d9a4,hqdmRelation:2a22cfce-0ebd-43b4-91ea-a5ab5320740c,hqdm:member_of,hqdm:f8a515a7-1237-4a11-9915-a075da750105,hqdmRelation:ce789976-153f-45da-81cf-70f6665c0853,0,-1,True,
hqdm:4b4c601d-5ec9-44f4-b6b0-836fc7933830,hqdmRelation:b70cc1b5-3171-4f5a-831c-df16ede6c885,hqdm:member_of,hqdm:46a78f8d-5470-41e3-ac04-ae68a1d55dda,hqdmRelation:0c2cbf60-72fe-40db-aa23-d4088358cea6,0,-1,True,
hqdm:4b4c601d-5ec9-44f4-b6b0-836fc7933830,hqdmRelation:910bb600-a54f-4527-8927-0a335df8cc39,hqdm:member_of_kind,hqdm:d1da2671-094a-4640-9fd6-0c663b7d982b,hqdmRelation:0c2cbf60-72fe-40db-aa23-d4088358cea6,0,-1,True,
hqdm:51614e28-d493-4d36-a3d1-4d92cae43b5f,hqdmRelation:81589659-b10c-446e-95f1-4c38b919ae59,hqdm:member_of,hqdm:fc91cd5a-97f5-4748-8329-aeed9d1c7966,hqdmRelation:84626bdf-aa48-4277-8bf6-4f5f79b87b73,0,-1,True,
hqdm:51614e28-d493-4d36-a3d1-4d92cae43b5f,hqdmRelation:371e36c7-a1c5-4f10-8d88-d47b99da2710,hqdm:natural_role,hqdm:bbdadac6-65c2-4a03-9f74-9784b916378e,,0,-1,False,
hqdm:51614e28-d493-4d36-a3d1-4d92cae43b5f,hqdmRelation:cf7d7986-b6b1-42ea-8b1a-0cd6fb34f8c1,hqdm:member_of_kind,hqdm:3f1174ee-c8eb-4760-8176-828204a06fa8,hqdmRelation:84626bdf-aa48-4277-8bf6-4f5f79b87b73,0,-1,True,
hqdm:95a2da43-3cd9-4d33-aa4e-d670b5405b4e,hqdmRelation:fbdcccb7-d061-44fd-b0d0-8d5547489184,hqdm:temporal_part_of,hqdm:51614e28-d493-4d36-a3d1-4d92cae43b5f,hqdmRelation:fcbfd748-958e-4e83-a49d-985075188e9e,0,-1,True,
hqdm:95a2da43-3cd9-4d33-aa4e-d670b5405b4e,hqdmRelation:84626bdf-aa48-4277-8bf6-4f5f79b87b73,hqdm:member_of,hqdm:634771cd-ca38-47e5-807d-fef99f8ee5d5,hqdmRelation:0401697a-3537-4ef7-bba8-11d19292678d,0,-1,True,
hqdm:5d725880-4682-4cba-bc88-e5dde5ba3647,hqdmRelation:6d93d187-ab2e-4ca8-b7bb-2b3ba4737b5f,hqdm:temporal_part_of,hqdm:a49dde2f-b3f8-4d51-8fc3-12d0f185d5f3,hqdmRelation:fbdcccb7-d061-44fd-b0d0-8d5547489184,0,-1,True,
hqdm:5d725880-4682-4cba-bc88-e5dde5ba3647,hqdmRelation:dcc51ec1-22d6-4182-b647-dee81294cebc,hqdm:member_of,hqdm:03b7b761-5761-480c-ad6e-caa0948539a3,hqdmRelation:84626bdf-aa48-4277-8bf6-4f5f79b87b73,0,-1,True,
hqdm:248aec75-126f-4a2a-ac31-b3ad2415bb69,hqdmRelation:b8ea01ad-d535-4502-94be-e68d05118c12,hqdm:temporal_part_of,hqdm:d9ab8110-1437-4ac2-82b8-f6820cfa6dc4,hqdmRelation:fcbfd748-958e-4e83-a49d-985075188e9e,0,-1,True,
hqdm:248aec75-126f-4a2a-ac31-b3ad2415bb69,hqdmRelation:cd7ab7a0-8e04-4c42-a450-05190696fe11,hqdm:member_of,hqdm:484c2d9b-be76-4d3d-83d6-2b630c125ef3,hqdmRelation:0401697a-3537-4ef7-bba8-11d19292678d,0,-1,True,
hqdm:d9ab8110-1437-4ac2-82b8-f6820cfa6dc4,hqdmRelation:60b7a2b2-591d-466b-826a-bc6298937925,hqdm:member_of,hqdm:1f256de1-3bde-48de-862d-4be2025ec214,hqdmRelation:cd7ab7a0-8e04-4c42-a450-05190696fe11,0,-1,True,
hqdm:d9ab8110-1437-4ac2-82b8-f6820cfa6dc4,hqdmRelation:ed7e7016-2975-4184-aa89-af85b707e147,hqdm:member_of_kind,hqdm:62c4e791-099b-49b3-a665-a74731e49d78,hqdmRelation:cd7ab7a0-8e04-4c42-a450-05190696fe11,0,-1,True,
hqdm:f19c97e0-861a-40e9-94f4-04ef71d49bdd,hqdmRelation:41e1df78-0677-4942-9818-61afb28cdb40,hqdm:member_of,hqdm:6ab409ca-57a7-4daa-8da4-8d68945c4460,hqdmRelation:d8d8993a-92bf-49fc-b5db-ac35cfdfb9ba,0,-1,True,
hqdm:f19c97e0-861a-40e9-94f4-04ef71d49bdd,hqdmRelation:6916283c-9ee4-446e-b5dd-6b6f1e6f101b,hqdm:member_of_kind,hqdm:b5b606ea-c1a9-4cc0-9217-63979c082f5b,hqdmRelation:d8d8993a-92bf-49fc-b5db-ac35cfdfb9ba,0,-1,True,
hqdm:515a7453-0189-4147-8b4b-5b419e651adb,hqdmRelation:ed47bf86-2206-419a-89eb-0934736f31be,hqdm:temporal_part_of,hqdm:f19c97e0-861a-40e9-94f4-04ef71d49bdd,hqdmRelation:b8ea01ad-d535-4502-94be-e68d05118c12,0,-1,True,
hqdm:515a7453-0189-4147-8b4b-5b419e651adb,hqdmRelation:d8d8993a-92bf-49fc-b5db-ac35cfdfb9ba,hqdm:member_of,hqdm:652d9a7e-4310-43ff-8572-2f7e963499ae,hqdmRelation:cd7ab7a0-8e04-4c42-a450-05190696fe11,0,-1,True,
hqdm:024708e6-3fd4-438c-8585-b74637b9dd06,hqdmRelation:cf4fd4fe-a4c2-4cfe-8e76-f79901d02dd4,hqdm:member_of,hqdm:4b400cd1-224d-4358-9239-d060dcc8ffb2,hqdmRelation:ef1316a4-8a47-440c-a3d5-a0133765852b,0,-1,True,
hqdm:024708e6-3fd4-438c-8585-b74637b9dd06,hqdmRelation:dfcbe928-c654-455a-91ba-92a36394c03f,hqdm:temporal_part_of,hqdm:3603c6e0-605b-48a0-ad84-47c17d98bf6b,hqdmRelation:a7735b64-d0f4-4f35-870d-d28eff6f7c3f,0,-1,True,
hqdm:3603c6e0-605b-48a0-ad84-47c17d98bf6b,hqdmRelation:03ecf9fc-945d-43a6-85b8-c8e131214833,hqdm:member_of,hqdm:e9597740-d4f6-4a71-a820-054eea06547e,hqdmRelation:ae6fa8e3-66d9-4931-be9d-c6a4e1a99618,0,-1,True,
hqdm:3603c6e0-605b-48a0-ad84-47c17d98bf6b,hqdmRelation:180cd739-b8cd-4ccb-83d4-e095e3501c68,hqdm:member_of_kind,hqdm:cd887fc6-ed0f-418f-b209-8a20d04f2d16,hqdmRelation:ae6fa8e3-66d9-4931-be9d-c6a4e1a99618,0,-1,True,
hqdm:623f3067-db46-40c1-9cf0-b1682fd41ed6,hqdmRelation:ba950dae-21c2-4d52-a302-00d1f295db82,hqdm:member_of,hqdm:998230cf-1822-4000-bd58-9790845f12da,hqdmRelation:9b3d0e37-c23c-48f7-8e43-d70061a22a5f,0,-1,True,
hqdm:623f3067-db46-40c1-9cf0-b1682fd41ed6,hqdmRelation:a240dcab-713f-4703-99e7-528b99207007,hqdm:member_of_currency,hqdm:f916a5ea-6de0-4b3d-bd0a-5215421d10a8,hqdmRelation:9b3d0e37-c23c-48f7-8e43-d70061a22a5f,0,1,False,
hqdm:5c20e872-fea5-439f-835e-d76e8c8fa356,hqdmRelation:e944281d-866a-4c67-b7b6-f062d13d2526,hqdm:temporal_part_of,hqdm:623f3067-db46-40c1-9cf0-b1682fd41ed6,hqdmRelation:dfcbe928-c654-455a-91ba-92a36394c03f,0,1,True,
hqdm:5c20e872-fea5-439f-835e-d76e8c8fa356,hqdmRelation:7df0d741-d7c3-4fd5-8085-c8dc1ca56a81,hqdm:member_of,hqdm:6f9af373-1be4-4938-9f4a-b7eee8fa3bf8,hqdmRelation:cf4fd4fe-a4c2-4cfe-8e76-f79901d02dd4,0,-1,True,
hqdm:f235e2b3-d6d8-4f89-93b3-d13121872563,hqdmRelation:e6594b28-c326-4e84-b74e-a1b64b4a07b8,hqdm:participant_in,hqdm:822e4ff2-5e3a-46dd-837f-6bf1d1ad8962,hqdmRelation:3a3ccd18-3705-44b9-a248-614e8a9d720d,1,1,True,
hqdm:f9d69eb8-9ab7-44da-b9d0-8256de2b4497,hqdmRelation:f5868caa-7b57-43d8-bb30-8bfcea5542ae,hqdm:member_of,hqdm:93d2b473-f654-448f-a0ce-2bc1d6a3aec5,hqdmRelation:96a99f0a-1e95-48a1-976e-2d50a0610d64,0,-1,True,
hqdm:f9d69eb8-9ab7-44da-b9d0-8256de2b4497,hqdmRelation:47f75e62-f12d-4aa2-84a6-c42b0534a554,hqdm:member_of_kind,hqdm:bbdadac6-65c2-4a03-9f74-9784b916378e,hqdmRelation:96a99f0a-1e95-48a1-976e-2d50a0610d64,1,-1,False,
hqdm:f9d69eb8-9ab7-44da-b9d0-8256de2b4497,hqdmRelation:3a3ccd18-3705-44b9-a248-614e8a9d720d,hqdm:participant_in,hqdm:7fd5d2ab-a4f2-443b-bdf9-6695fa55c01f,,0,-1,False,
hqdm:f9d69eb8-9ab7-44da-b9d0-8256de2b4497,hqdmRelation:5a5c0f42-84e9-45b4-a84a-a0853d35d9dd,hqdm:participant_in,hqdm:07d5cfb9-1dc5-41ca-bd9c-a298a16e6767,,0,-1,False,
hqdm:3182e918-f5db-4b23-8c37-dbe73af104f5,hqdmRelation:4d18dffd-239e-4033-93dc-7baff75f6716,hqdm:participant_in,hqdm:822e4ff2-5e3a-46dd-837f-6bf1d1ad8962,hqdmRelation:3a3ccd18-3705-44b9-a248-614e8a9d720d,1,1,True,
hqdm:7fd5d2ab-a4f2-443b-bdf9-6695fa55c01f,hqdmRelation:d4c308f0-9ae3-4b7d-937b-5f10e38c0ae1,hqdm:references,hqdm:e5ec5d9e-afea-44f7-93c9-699cd5072d90,,0,-1,False,
hqdm:7fd5d2ab-a4f2-443b-bdf9-6695fa55c01f,hqdmRelation:9aa0dd62-f513-4176-ac59-ef147864b65d,hqdm:determines,hqdm:e5ec5d9e-afea-44f7-93c9-699cd5072d90,,0,-1,False,
hqdm:7fd5d2ab-a4f2-443b-bdf9-6695fa55c01f,hqdmRelation:e3e09fc8-b1b9-4f46-961f-3db83c42ca8b,hqdm:causes,hqdm:545b4541-8a34-46b8-8704-2265be0244c3,,1,-1,False,
hqdm:7fd5d2ab-a4f2-443b-bdf9-6695fa55c01f,hqdmRelation:97e1bc20-033c-4f96-8001-a062f54376b0,hqdm:member_of,hqdm:16b464c6-7a71-4734-88af-9e224b70784b,hqdmRelation:cbe321a9-9800-46e1-8a1e-b7924e0ccc72,0,-1,True,
hqdm:7fd5d2ab-a4f2-443b-bdf9-6695fa55c01f,hqdmRelation:9048b7e9-51fb-429d-b070-90b30ab44e8f,hqdm:part_of,hqdm:7fd5d2ab-a4f2-443b-bdf9-6695fa55c01f,,0,-1,False,
hqdm:7fd5d2ab-a4f2-443b-bdf9-6695fa55c01f,hqdmRelation:552b3358-a463-4e66-9cd6-1987c269d4ea,hqdm:member_of_kind,hqdm:d41c1675-8998-4796-b858-f07f1a32c520,hqdmRelation:cbe321a9-9800-46e1-8a1e-b7924e0ccc72,1,-1,True,
hqdm:7fd5d2ab-a4f2-443b-bdf9-6695fa55c01f,hqdmRelation:d03b73d7-7c2b-4cc7-b086-ddc0d930e0ed,hqdm:consists_of,hqdm:7fd5d2ab-a4f2-443b-bdf9-6695fa55c01f,,0,1,False,
hqdm:7fd5d2ab-a4f2-443b-bdf9-6695fa55c01f,hqdmRelation:79cbb2a3-c1b1-4996-b47f-22510688bac1,hqdm:consists_of_participant,hqdm:f9d69eb8-9ab7-44da-b9d0-8256de2b4497,,1,-1,False,
hqdm:2a7e347e-870a-40ef-974d-5f7d2565fb33,hqdmRelation:ede58361-973c-4b75-b563-8b771be9a09b,hqdm:temporal_part_of,hqdm:7fd5d2ab-a4f2-443b-bdf9-6695fa55c01f,hqdmRelation:87bd55fd-4cc7-423d-90ab-a237cd759fb0,0,-1,True,
hqdm:2a7e347e-870a-40ef-974d-5f7d2565fb33,hqdmRelation:cbe321a9-9800-46e1-8a1e-b7924e0ccc72,hqdm:member_of,hqdm:c00d4221-b97a-4bdb-8bd6-f7abdcebcc21,hqdmRelation:65553ab0-e43d-4f6c-8f1d-76dad4610a54,0,-1,True,
hqdm:bb6f6d3f-1ed1-41ab-942c-6b3667c5da37,hqdmRelation:549a3fad-197a-42df-91e5-8571fdfcefae,hqdm:member_of_,hqdm:2ff8e41a-4586-4338-9934-52ac50fe4598,hqdmRelation:194bd978-b78d-42c5-a5cf-7830a183a120,0,-1,False,
hqdm:bb6f6d3f-1ed1-41ab-942c-6b3667c5da37,hqdmRelation:9467139c-dba3-4a2b-b87d-7bbb583df924,hqdm:part__of_by_class,hqdm:bb6f6d3f-1ed1-41ab-942c-6b3667c5da37,,0,-1,False,
hqdm:bb6f6d3f-1ed1-41ab-942c-6b3667c5da37,hqdmRelation:a87141d8-915a-4985-82b2-3ff494741cfd,hqdm:consists__of_by_class,hqdm:bb6f6d3f-1ed1-41ab-942c-6b3667c5da37,,1,-1,False,
hqdm:4a8cba08-035c-4902-935b-26da61ed282c,hqdmRelation:194bd978-b78d-42c5-a5cf-7830a183a120,hqdm:member_of,hqdm:a202f80b-3db4-4a33-a194-155529b87af5,hqdmRelation:194bd978-b78d-42c5-a5cf-7830a183a120,0,-1,False,
hqdm:4a8cba08-035c-4902-935b-26da61ed282c,hqdmRelation:7d11b956-0014-43be-9a3e-f89e2b31ec4f,hqdm:has_superclass,hqdm:4a8cba08-035c-4902-935b-26da61ed282c,hqdmRelation:7d11b956-0014-43be-9a3e-f89e2b31ec4f,0,-1,False,
hqdm:6dead78a-0a96-47f1-adde-ef2edc60006d,hqdmRelation:79fdb419-28da-4443-b82a-62f7cae17a15,hqdm:member_of,hqdm:ba210fe2-cb0d-4c39-b0a2-84ea734af444,,0,-1,False,
hqdm:528725d8-243d-41a3-b9f9-63900f76bbee,hqdmRelation:3cb88328-a51e-4583-b8ea-30d24dcf4231,hqdm:classifier,hqdm:4a8cba08-035c-4902-935b-26da61ed282c,,0,-1,False,
hqdm:528725d8-243d-41a3-b9f9-63900f76bbee,hqdmRelation:5f3d1aab-f36d-461c-8a78-4579ad0d8b50,hqdm:member,hqdm:e5ec5d9e-afea-44f7-93c9-699cd5072d90,,0,-1,False,
hqdm:8c49494d-9064-49e8-b56f-1cd9b46be261,hqdmRelation:f690f6ad-8d04-4459-bcbf-b229e6e58697,hqdm:whole,hqdm:dd8359c4-0a2b-416a-af27-3bcb0551b41a,,0,-1,False,
hqdm:8c49494d-9064-49e8-b56f-1cd9b46be261,hqdmRelation:2a152eb3-8fc5-4fe9-8f0d-0f567d1f29ed,hqdm:part,hqdm:dd8359c4-0a2b-416a-af27-3bcb0551b41a,,0,-1,False,
hqdm:547a538f-722a-4753-bf74-afd11269e619,hqdmRelation:2c6d211e-d4cc-4fe3-9e4f-9e0809afad8e,hqdm:superclass,hqdm:4a8cba08-035c-4902-935b-26da61ed282c,,0,-1,False,
hqdm:547a538f-722a-4753-bf74-afd11269e619,hqdmRelation:21ad8393-2202-42d3-84ff-1739322eb55b,hqdm:subclass,hqdm:4a8cba08-035c-4902-935b-26da61ed282c,,0,-1,False,
hqdm:23855152-d704-4b21-8776-366fd03a5147,hqdmRelation:7c756b9c-c6a9-4e71-973e-537ef9a9a761,hqdm:member_of_kind,hqdm:1f176e62-4a10-477e-8e55-ea36ed8b9777,hqdmRelation:79fdb419-28da-4443-b82a-62f7cae17a15,1,1,False,
hqdm:23855152-d704-4b21-8776-366fd03a5147,hqdmRelation:93de9b75-1959-4395-b29f-f6ee3b48f23f,hqdm:involves,hqdm:528725d8-243d-41a3-b9f9-63900f76bbee,,2,-1,False,
hqdm:1f176e62-4a10-477e-8e55-ea36ed8b9777,hqdmRelation:3141afbf-bae3-438a-a70a-e3e76be2b844,hqdm:roles,hqdm:4a8cba08-035c-4902-935b-26da61ed282c,,2,-1,False,
hqdm:76499d8f-0190-4555-b8ae-8283a272ee62,hqdmRelation:7206ebd0-b57f-4b93-8bf6-e0224a43432d,hqdm:required_role_player,hqdm:528725d8-243d-41a3-b9f9-63900f76bbee,,1,-1,False,
hqdm:a63de5df-381c-448d-9b7b-573515d0601b,hqdmRelation:1aea6586-ebdf-40d1-83f1-a03b696af814,hqdm:unit,hqdm:ee59b427-6b70-4dad-be46-5f53abdc566d,,0,-1,False,
hqdm:a63de5df-381c-448d-9b7b-573515d0601b,hqdmRelation:5e4c481b-d842-4fdd-b758-26d5178c5ecd,hqdm:domain,hqdm:3b4703fc-9f93-41b1-ae0b-f04a8d9345be,,0,-1,False,
hqdm:ff161f9f-ba65-4a71-9728-9bda738e7371,hqdmRelation:b0baa7f6-cbb6-4f55-956f-2415efecebe7,hqdm:has_component_by_class,hqdm:6ed91d58-3c29-484d-b7b2-2c9b7ad3d414,,1,-1,False,
hqdm:69237cad-6966-4825-ba09-f1402bc93e91,hqdmRelation:9fc6e6b2-6245-45c9-a658-4807f752d7e1,hqdm:has_component_by_class,hqdm:5ccc13dd-c63c-4502-aa0d-786410b138cd,hqdmRelation:b0baa7f6-cbb6-4f55-956f-2415efecebe7,1,-1,True,
hqdm:b5b606ea-c1a9-4cc0-9217-63979c082f5b,hqdmRelation:01fb2628-8416-4cdb-9243-d042d414c178,hqdm:component_by_class,hqdm:1c59d6d4-6324-4f82-92d5-61e4cf5e8d08,,1,1,False,
hqdm:48bf4338-cd99-409b-88e8-3c4d473d8fde,hqdmRelation:fd2cd441-1e7c-41c1-a751-3854061db612,hqdm:part_of_by_class,hqdm:dbe090b4-7be7-4312-a7d8-289d5ecc565a,,0,-1,False,
hqdm:48bf4338-cd99-409b-88e8-3c4d473d8fde,hqdmRelation:2d5730ba-950c-482e-aa81-1fc487b7a490,hqdm:part_of_by_class_,hqdm:7a5013ce-3cbb-4776-8677-173fc4f134c6,,0,-1,False,
hqdm:d41c1675-8998-4796-b858-f07f1a32c520,hqdmRelation:2313856c-860b-462e-9c8b-e1536f9c5f6d,hqdm:determines_by_class,hqdm:4a8cba08-035c-4902-935b-26da61ed282c,,0,-1,False,
hqdm:d41c1675-8998-4796-b858-f07f1a32c520,hqdmRelation:aa96cc1b-4236-41b0-80c2-a72ea8bc6740,hqdm:references_by_class,hqdm:4a8cba08-035c-4902-935b-26da61ed282c,,0,-1,False,
hqdm:d41c1675-8998-4796-b858-f07f1a32c520,hqdmRelation:2d30a464-7288-4e83-9bae-e6c67f9dac26,hqdm:causes_by_class,hqdm:1075159b-3229-450b-ab71-3e81918f57c2,,0,-1,False,
hqdm:d41c1675-8998-4796-b858-f07f1a32c520,hqdmRelation:d06091c7-b22b-4141-a803-3f6dddf8ac11,hqdm:consists_of_by_class,hqdm:bbdadac6-65c2-4a03-9f74-9784b916378e,,1,-1,False,
hqdm:bbdadac6-65c2-4a03-9f74-9784b916378e,hqdmRelation:744316c4-55e4-4b3d-aaed-bb05f54aeb46,hqdm:part_of_by_class,hqdm:d41c1675-8998-4796-b858-f07f1a32c520,,0,-1,False,
hqdm:bbdadac6-65c2-4a03-9f74-9784b916378e,hqdmRelation:c8d2e455-c9c1-41db-8fb7-273fd73842c0,hqdm:part_of_by_class_,hqdm:4ab749af-25a0-4906-8783-9337a543dffa,,0,-1,False,
hqdm:4ab749af-25a0-4906-8783-9337a543dffa,hqdmRelation:28580a84-675f-487e-b92f-f5469f4ce67f,hqdm:consists_of_by_class,hqdm:bbdadac6-65c2-4a03-9f74-9784b916378e,,2,-1,False,
hqdm:dbe090b4-7be7-4312-a7d8-289d5ecc565a,hqdmRelation:0147cb9f-cc3a-45e4-953c-9e2ac4e6d40c,hqdm:part_of_by_class,hqdm:9d904f8d-8ee4-4736-adab-f46a2062cf70,hqdmRelation:fd2cd441-1e7c-41c1-a751-3854061db612,0,-1,True,
hqdm:84c62d3f-2884-4273-a233-73713c38e987,hqdmRelation:cf1c98c0-b92a-4343-8d7b-75538272e878,hqdm:part_of_by_class,hqdm:5fd88c8b-d625-45ac-93e6-664073c7de48,hqdmRelation:0147cb9f-cc3a-45e4-953c-9e2ac4e6d40c,0,-1,True,
hqdm:7a5013ce-3cbb-4776-8677-173fc4f134c6,hqdmRelation:41103c4f-50d9-4294-bd8c-21c75776067c,hqdm:part_of_by_class,hqdm:9d904f8d-8ee4-4736-adab-f46a2062cf70,hqdmRelation:fd2cd441-1e7c-41c1-a751-3854061db612,0,-1,True,
hqdm:9698ea51-7c2d-42ba-b840-f8f50d341a3b,hqdmRelation:daa2f816-e11e-48e5-8b55-0730140203de,hqdm:part_of_by_class,hqdm:5fd88c8b-d625-45ac-93e6-664073c7de48,hqdmRelation:41103c4f-50d9-4294-bd8c-21c75776067c,0,-1,True,
hqdm:40c9ab6a-e4e5-41e8-9ac6-0f54e8bb4df7,hqdmRelation:9078d74f-05bc-4f7a-bc75-6cbc15f1e867,hqdm:class_of_offered,hqdm:b0432482-12dc-432c-ac56-828da404fb14,,0,-1,False,
hqdm:40c9ab6a-e4e5-41e8-9ac6-0f54e8bb4df7,hqdmRelation:034d023c-4e85-41c9-81fb-bb80a3b4662f,hqdm:consideration_by_class,hqdm:15def788-5158-403f-8fe0-044bc32db81d,,0,-1,False,
hqdm:40c9ab6a-e4e5-41e8-9ac6-0f54e8bb4df7,hqdmRelation:a1627799-9af2-40ac-b5a9-7dc5bdf7a113,hqdm:offeror,hqdm:d9ab8110-1437-4ac2-82b8-f6820cfa6dc4,,0,-1,False,
hqdm:40c9ab6a-e4e5-41e8-9ac6-0f54e8bb4df7,hqdmRelation:ecb557a4-15d3-4332-a7aa-b97f4024b894,hqdm:period_offered,hqdm:cf9e810f-6717-4c60-a659-b7f1c2ac6819,,0,-1,False,
hqdm:431a3be2-e1f9-48c4-acf0-1a54aebb7b06,hqdmRelation:c2cfd952-8581-4de6-aa30-4cf28a28d087,hqdm:class_of_offered,hqdm:c4f76131-66f2-4b09-bfb0-6a1aec1a5c51,hqdmRelation:9078d74f-05bc-4f7a-bc75-6cbc15f1e867,0,-1,True,
hqdm:c4f76131-66f2-4b09-bfb0-6a1aec1a5c51,hqdmRelation:3283bfb9-d17f-4949-917d-ba8662f11bc7,hqdm:sold_under,hqdm:da0bbcd1-9dfc-47b5-b0b4-86c4b9104f14,,0,1,False,
hqdm:c4f76131-66f2-4b09-bfb0-6a1aec1a5c51,hqdmRelation:a0d4651d-b1e9-49d0-8429-d6b3c1f0ae51,hqdm:meets_specification,hqdm:ee5bfb21-1a52-4e7a-ac5a-9389353a4c7f,,0,-1,False,
hqdm:16e86c86-f67b-41ad-82a4-1e412847ec50,hqdmRelation:60a965b1-a679-4074-93b5-340d60409aa1,hqdm:sold_as,hqdm:c4f76131-66f2-4b09-bfb0-6a1aec1a5c51,,0,1,False,
hqdm:16e86c86-f67b-41ad-82a4-1e412847ec50,hqdmRelation:27ecace2-8a42-4523-aba1-21e840b1349a,hqdm:successor,hqdm:16e86c86-f67b-41ad-82a4-1e412847ec50,,0,-1,False,
hqdm:ee5bfb21-1a52-4e7a-ac5a-9389353a4c7f,hqdmRelation:2baadd7c-4a98-434b-abbf-6f3b1f34e72c,hqdm:intersection_of,hqdm:fabc65fd-5fe0-4f68-87bb-b4eb93eb2f1b,,1,-1,False,
hqdm:cf9e810f-6717-4c60-a659-b7f1c2ac6819,hqdmRelation:34f555e2-61a2-4972-ae10-03d9f9924b65,hqdm:temporal_part_of_,hqdm:a5dc8c36-56fc-44c2-909b-7592b1f44fd7,hqdmRelation:87bd55fd-4cc7-423d-90ab-a237cd759fb0,0,-1,False,
hqdm:cf9e810f-6717-4c60-a659-b7f1c2ac6819,hqdmRelation:e6cc98a9-02ba-48a6-800a-c640f5a917d4,hqdm:member_of,hqdm:3ae0e22b-31b9-48a2-8ee1-c7d2a9666b00,hqdmRelation:65553ab0-e43d-4f6c-8f1d-76dad4610a54,0,-1,True,
hqdm:a5dc8c36-56fc-44c2-909b-7592b1f44fd7,hqdmRelation:7d4f6ee1-b5df-44ed-8d73-8b8c251e1e21,hqdm:member_of,hqdm:fa589df8-5b75-4b5a-97e5-19d27f6801df,hqdmRelation:e6cc98a9-02ba-48a6-800a-c640f5a917d4,0,-1,True,
hqdm:cc965f1b-26da-4230-b653-752e764add9e,hqdmRelation:0f5fd166-e3a0-4903-b595-24434e12a684,hqdm:intended_role_by_class,hqdm:bbdadac6-65c2-4a03-9f74-9784b916378e,,1,-1,False,
hqdm:3f1174ee-c8eb-4760-8176-828204a06fa8,hqdmRelation:6b25993e-b212-4d6f-bdcb-2f0755dfbbe6,hqdm:natural_role_by_class,hqdm:bbdadac6-65c2-4a03-9f74-9784b916378e,,0,-1,False,
hqdm:3f1174ee-c8eb-4760-8176-828204a06fa8,hqdmRelation:c102a680-3b92-4fed-afd8-82153f49bb78,hqdm:has_component_by_class,hqdm:270ad353-89d3-40f9-a381-2d1bd47c31ab,hqdmRelation:b0baa7f6-cbb6-4f55-956f-2415efecebe7,1,-1,True,
hqdm:3ddc2ed0-22cb-4a5c-b71b-02f354ea3568,hqdmRelation:1d80c19b-6806-440f-a072-01374330b300,hqdm:member_of,hqdm:940fad16-3ff8-4a28-809e-7abe000ae140,,0,-1,True,
hqdm:3ddc2ed0-22cb-4a5c-b71b-02f354ea3568,hqdmRelation:e1464800-eba5-4098-9589-e611ca39e8b8,hqdm:member_of_kind,hqdm:d48184f4-4c8a-4bee-8cb7-7cb055e9c08c,,0,-1,False,
hqdm:fd536c7a-ab53-4706-9184-19df9f7d3098,hqdmRelation:0821265c-7815-436a-8dcd-758ff2c71b70,hqdm:member_of,hqdm:45c59627-fca9-4ddd-b27a-e4108dec8816,hqdmRelation:1d80c19b-6806-440f-a072-01374330b300,0,-1,True,
hqdm:fd536c7a-ab53-4706-9184-19df9f7d3098,hqdmRelation:2608c3fb-c672-4d39-a7da-6af0c927d82d,hqdm:member_of_kind,hqdm:3b4703fc-9f93-41b1-ae0b-f04a8d9345be,hqdmRelation:1d80c19b-6806-440f-a072-01374330b300,0,-1,True,
hqdm:f23b03a1-b220-42c3-950f-52be336e33fe,hqdmRelation:179340bb-2294-44fe-a6bb-8021849b81f2,hqdm:ranges_over,hqdm:3ddc2ed0-22cb-4a5c-b71b-02f354ea3568,,1,-1,False,
hqdm:bcce4936-4387-454a-bf3b-2a7f51798f21,hqdmRelation:4a0e4229-18c6-459a-856b-807ce20f31d5,hqdm:upper_bound,hqdm:fd536c7a-ab53-4706-9184-19df9f7d3098,,0,-1,False,
hqdm:bcce4936-4387-454a-bf3b-2a7f51798f21,hqdmRelation:c3185d06-6309-4e69-952d-13e47ed6f5a3,hqdm:lower_bound,hqdm:fd536c7a-ab53-4706-9184-19df9f7d3098,,0,-1,False,
hqdm:bf06e797-5d00-4d7f-8737-4d7e2c709013,hqdmRelation:f7430739-63ea-41ef-b66e-f552ecaebbb5,hqdm:member_of,hqdm:48bf4338-cd99-409b-88e8-3c4d473d8fde,hqdmRelation:97e1bc20-033c-4f96-8001-a062f54376b0,0,-1,True,
hqdm:bf06e797-5d00-4d7f-8737-4d7e2c709013,hqdmRelation:d9b981fa-8fc5-4bab-ab62-91be3fe97657,hqdm:part_of,hqdm:85b3248b-9d92-4d03-b96c-a89ef95dcba3,hqdmRelation:9048b7e9-51fb-429d-b070-90b30ab44e8f,0,-1,True,
hqdm:bf06e797-5d00-4d7f-8737-4d7e2c709013,hqdmRelation:d2eb47f4-c200-4b97-b8f9-47aa0d3f04cc,hqdm:part_of_,hqdm:ba16eba2-2a1e-46d3-913a-5826b5b2abc8,hqdmRelation:9048b7e9-51fb-429d-b070-90b30ab44e8f,0,-1,False,
hqdm:9260f8a5-7dad-40d1-89d1-91ebce71ebcb,hqdmRelation:3642e514-473d-4e21-ad6d-f8eb3ac6debb,hqdm:member_of,hqdm:9d904f8d-8ee4-4736-adab-f46a2062cf70,hqdmRelation:f7430739-63ea-41ef-b66e-f552ecaebbb5,0,-1,True,
hqdm:9260f8a5-7dad-40d1-89d1-91ebce71ebcb,hqdmRelation:67030cd2-66b7-45bd-9d39-c13bd388498e,hqdm:consists_of_,hqdm:ba16eba2-2a1e-46d3-913a-5826b5b2abc8,,1,-1,False,
hqdm:9260f8a5-7dad-40d1-89d1-91ebce71ebcb,hqdmRelation:5d4106e3-29ba-4cf6-a3b5-c042385cc295,hqdm:consists_of,hqdm:85b3248b-9d92-4d03-b96c-a89ef95dcba3,,1,1,True,
hqdm:2b18e695-e10c-4a32-9dd3-50e8768e9487,hqdmRelation:b36f6444-d51a-437c-a66e-9e86d5949f4b,hqdm:member_of,hqdm:5fd88c8b-d625-45ac-93e6-664073c7de48,hqdmRelation:3642e514-473d-4e21-ad6d-f8eb3ac6debb,0,-1,True,
hqdm:2b18e695-e10c-4a32-9dd3-50e8768e9487,hqdmRelation:664d5611-6f54-4648-9a81-92764590401f,hqdm:consists_of_,hqdm:6ad0921a-5bbf-4d36-98e0-64ab8a11ba70,hqdmRelation:67030cd2-66b7-45bd-9d39-c13bd388498e,1,1,True,
hqdm:2b18e695-e10c-4a32-9dd3-50e8768e9487,hqdmRelation:f0f39a00-96b3-4dc6-ab86-cfa3677b0539,hqdm:consists_of,hqdm:a5e5fe62-9d87-422e-bd87-f56cab26f2f6,hqdmRelation:5d4106e3-29ba-4cf6-a3b5-c042385cc295,1,1,True,
hqdm:461f1098-a247-482d-a3b7-5afe0986d0cc,hqdmRelation:85c56da0-b1a7-4a2e-99d0-9230e71404c5,hqdm:consists_of_,hqdm:20b38aa3-b4bb-4435-8eef-688ced81e195,hqdmRelation:664d5611-6f54-4648-9a81-92764590401f,1,1,True,
hqdm:461f1098-a247-482d-a3b7-5afe0986d0cc,hqdmRelation:06240ee9-9282-4062-93fd-bf849d7bcd81,hqdm:consists_of,hqdm:c26908a0-5b98-4ec0-ad81-1198300bd09d,hqdmRelation:f0f39a00-96b3-4dc6-ab86-cfa3677b0539,1,1,True,
hqdm:85b3248b-9d92-4d03-b96c-a89ef95dcba3,hqdmRelation:3d5a70b1-7d21-49b5-9fc1-067a4022ca73,hqdm:member_of,hqdm:dbe090b4-7be7-4312-a7d8-289d5ecc565a,hqdmRelation:f7430739-63ea-41ef-b66e-f552ecaebbb5,0,-1,True,
hqdm:85b3248b-9d92-4d03-b96c-a89ef95dcba3,hqdmRelation:8e23604f-7f29-46db-8fcb-7714e1b74c8c,hqdm:part_of,hqdm:9260f8a5-7dad-40d1-89d1-91ebce71ebcb,hqdmRelation:d9b981fa-8fc5-4bab-ab62-91be3fe97657,1,1,True,
hqdm:a5e5fe62-9d87-422e-bd87-f56cab26f2f6,hqdmRelation:29db527c-492f-4b6b-8f76-7fab53c6937c,hqdm:member_of,hqdm:84c62d3f-2884-4273-a233-73713c38e987,hqdmRelation:3d5a70b1-7d21-49b5-9fc1-067a4022ca73,0,-1,True,
hqdm:a5e5fe62-9d87-422e-bd87-f56cab26f2f6,hqdmRelation:7c19440b-ba1d-4927-9196-f67499eb82a7,hqdm:part_of,hqdm:2b18e695-e10c-4a32-9dd3-50e8768e9487,hqdmRelation:8e23604f-7f29-46db-8fcb-7714e1b74c8c,1,1,True,
hqdm:a5e5fe62-9d87-422e-bd87-f56cab26f2f6,hqdmRelation:782aa890-aad6-468c-83a5-93982a81d54e,hqdm:consists_of_,hqdm:3badd42d-b024-4359-a0dd-67a49cc15fbf,,1,1,False,
hqdm:a5e5fe62-9d87-422e-bd87-f56cab26f2f6,hqdmRelation:1715f0c8-16ac-40ed-8ce6-ce89bc718408,hqdm:consists_of,hqdm:57defdea-3306-4304-8e64-34c4c7343e43,,1,1,True,
hqdm:c26908a0-5b98-4ec0-ad81-1198300bd09d,hqdmRelation:ef97d5df-aab6-42bc-a549-534801bf49f1,hqdm:part_of,hqdm:461f1098-a247-482d-a3b7-5afe0986d0cc,hqdmRelation:7c19440b-ba1d-4927-9196-f67499eb82a7,1,1,True,
hqdm:c26908a0-5b98-4ec0-ad81-1198300bd09d,hqdmRelation:50597423-9840-46ad-977e-54a98bf9a08a,hqdm:consists_of_,hqdm:f9ed3970-9141-471d-82e6-536e32fb6064,hqdmRelation:782aa890-aad6-468c-83a5-93982a81d54e,1,1,True,
hqdm:c26908a0-5b98-4ec0-ad81-1198300bd09d,hqdmRelation:38711f51-2d40-48c4-ac00-f839b8d85549,hqdm:consists_of,hqdm:15f2a672-930e-4101-be71-402c2c4ce65e,hqdmRelation:1715f0c8-16ac-40ed-8ce6-ce89bc718408,1,1,True,
hqdm:3badd42d-b024-4359-a0dd-67a49cc15fbf,hqdmRelation:6694d29c-bec1-45f1-b4ce-8979caa64801,hqdm:member_of,hqdm:41b85748-130c-454a-8e69-8ef59d1aa25d,hqdmRelation:f7430739-63ea-41ef-b66e-f552ecaebbb5,0,-1,True,
hqdm:3badd42d-b024-4359-a0dd-67a49cc15fbf,hqdmRelation:b5500b0a-a9e2-4e62-afac-51f00f1f076d,hqdm:part_of,hqdm:a5e5fe62-9d87-422e-bd87-f56cab26f2f6,hqdmRelation:d9b981fa-8fc5-4bab-ab62-91be3fe97657,0,1,True,
hqdm:f9ed3970-9141-471d-82e6-536e32fb6064,hqdmRelation:1e063200-d349-4720-a289-ca4d60fbecca,hqdm:references,hqdm:20b38aa3-b4bb-4435-8eef-688ced81e195,,1,1,True,
hqdm:f9ed3970-9141-471d-82e6-536e32fb6064,hqdmRelation:7234bfb0-c50a-4e55-b6bf-1feec9e2d24f,hqdm:part_of,hqdm:c26908a0-5b98-4ec0-ad81-1198300bd09d,hqdmRelation:b5500b0a-a9e2-4e62-afac-51f00f1f076d,0,1,True,
hqdm:20b38aa3-b4bb-4435-8eef-688ced81e195,hqdmRelation:46cdce95-524e-4d91-b91b-1bba153d5ed1,hqdm:part_of,hqdm:461f1098-a247-482d-a3b7-5afe0986d0cc,hqdmRelation:2c745086-1aef-4d1f-9ba3-0397b7396002,1,1,True,
hqdm:20b38aa3-b4bb-4435-8eef-688ced81e195,hqdmRelation:4e160fcb-5109-4d94-a26c-53394067c458,hqdm:consists_of_,hqdm:bccc14b3-e12b-4ec1-91b2-d5533ce4a886,,1,1,False,
hqdm:20b38aa3-b4bb-4435-8eef-688ced81e195,hqdmRelation:2ab4690a-a31f-4f8f-8bbc-a85137a851b7,hqdm:consists_of,hqdm:3f05741d-65af-4fcd-b8cd-8c608fcf1715,,1,1,True,
hqdm:6ad0921a-5bbf-4d36-98e0-64ab8a11ba70,hqdmRelation:c37fb563-bf05-44e5-9fb0-d00d939a4e09,hqdm:member_of,hqdm:9698ea51-7c2d-42ba-b840-f8f50d341a3b,hqdmRelation:be875edf-9e89-48f5-a3a2-5cc73bbb22a5,0,-1,True,
hqdm:6ad0921a-5bbf-4d36-98e0-64ab8a11ba70,hqdmRelation:2c745086-1aef-4d1f-9ba3-0397b7396002,hqdm:part_of,hqdm:2b18e695-e10c-4a32-9dd3-50e8768e9487,hqdmRelation:e961d866-1adb-4710-9988-bb66e8cd0a90,1,1,True,
hqdm:ba16eba2-2a1e-46d3-913a-5826b5b2abc8,hqdmRelation:be875edf-9e89-48f5-a3a2-5cc73bbb22a5,hqdm:member_of,hqdm:7a5013ce-3cbb-4776-8677-173fc4f134c6,hqdmRelation:f7430739-63ea-41ef-b66e-f552ecaebbb5,0,-1,True,
hqdm:ba16eba2-2a1e-46d3-913a-5826b5b2abc8,hqdmRelation:e961d866-1adb-4710-9988-bb66e8cd0a90,hqdm:part_of,hqdm:9260f8a5-7dad-40d1-89d1-91ebce71ebcb,hqdmRelation:d9b981fa-8fc5-4bab-ab62-91be3fe97657,1,1,True,
hqdm:3f05741d-65af-4fcd-b8cd-8c608fcf1715,hqdmRelation:a7ded004-e3e1-402f-bfa6-2dc528722285,hqdm:causes_beginning,hqdm:fc9185a7-9137-4150-b313-3def1dee1ae6,,1,1,False,
hqdm:3f05741d-65af-4fcd-b8cd-8c608fcf1715,hqdmRelation:996884a8-7478-41a4-a18d-abf7a097f6a8,hqdm:causes_ending,hqdm:67b82398-b80b-4ee3-aa2f-4bc33074c7f4,,1,1,False,
hqdm:3f05741d-65af-4fcd-b8cd-8c608fcf1715,hqdmRelation:510f4dc4-868c-4545-9566-3cda0e72f80d,hqdm:references,hqdm:f235e2b3-d6d8-4f89-93b3-d13121872563,,1,1,True,
hqdm:3f05741d-65af-4fcd-b8cd-8c608fcf1715,hqdmRelation:d8762174-9491-42d5-a2b3-4ccd85b8e776,hqdm:part_of,hqdm:20b38aa3-b4bb-4435-8eef-688ced81e195,hqdmRelation:d9b981fa-8fc5-4bab-ab62-91be3fe97657,0,1,True,
hqdm:3f05741d-65af-4fcd-b8cd-8c608fcf1715,hqdmRelation:69c79e60-2b40-470c-806f-db11930cdbc7,hqdm:consists_of_participant_,hqdm:931cea6c-5033-4d52-85fd-3c14fb576e39,,1,1,False,
hqdm:3f05741d-65af-4fcd-b8cd-8c608fcf1715,hqdmRelation:0a6d0fd1-630f-4687-9537-58f9ffcd7dd9,hqdm:consists_of_participant,hqdm:fac26d85-dd15-4d71-a259-b52782b21074,,1,1,True,
hqdm:bccc14b3-e12b-4ec1-91b2-d5533ce4a886,hqdmRelation:a7997544-d95e-4270-80e2-417bb7146aea,hqdm:references,hqdm:1689ecb3-cdfd-4f82-b0c1-302e72489288,hqdmRelation:510f4dc4-868c-4545-9566-3cda0e72f80d,1,1,True,
hqdm:bccc14b3-e12b-4ec1-91b2-d5533ce4a886,hqdmRelation:abddaeb4-d4cc-4169-8b78-ff4f56fe3107,hqdm:part_of,hqdm:20b38aa3-b4bb-4435-8eef-688ced81e195,hqdmRelation:d8762174-9491-42d5-a2b3-4ccd85b8e776,0,1,True,
hqdm:545b4541-8a34-46b8-8704-2265be0244c3,hqdmRelation:dc658c80-ecb0-4214-ba50-9e23863f4447,hqdm:member_of,hqdm:1075159b-3229-450b-ab71-3e81918f57c2,hqdmRelation:e052b90c-13c3-4fea-8289-0c995656ed8f,0,-1,True,
hqdm:6bb0b0b6-41cd-4bb3-a0e8-d483b25f6cf1,hqdmRelation:0856f2a2-a17a-4ecc-a0d3-a39e6e2da48c,hqdm:member_of,hqdm:04f30767-7c10-47b4-a0c4-526bc846b814,hqdmRelation:dc658c80-ecb0-4214-ba50-9e23863f4447,0,-1,True,
hqdm:931cea6c-5033-4d52-85fd-3c14fb576e39,hqdmRelation:0fef0e7a-d7ce-4ea0-a6d3-90b8639773ac,hqdm:participant_in,hqdm:3f05741d-65af-4fcd-b8cd-8c608fcf1715,hqdmRelation:3a3ccd18-3705-44b9-a248-614e8a9d720d,1,-1,True,
hqdm:fac26d85-dd15-4d71-a259-b52782b21074,hqdmRelation:595c2fb8-5c82-4a82-8859-33b06a0800e9,hqdm:temporal_part_of,hqdm:3182e918-f5db-4b23-8c37-dbe73af104f5,hqdmRelation:b8ea01ad-d535-4502-94be-e68d05118c12,0,1,True,
hqdm:fac26d85-dd15-4d71-a259-b52782b21074,hqdmRelation:47ac8f17-fcdf-4b0e-821b-582eb707ac06,hqdm:participant_in,hqdm:3f05741d-65af-4fcd-b8cd-8c608fcf1715,hqdmRelation:3a3ccd18-3705-44b9-a248-614e8a9d720d,1,-1,True,
hqdm:57defdea-3306-4304-8e64-34c4c7343e43,hqdmRelation:947959ed-eb8a-4a09-a742-e2d6adf16cb0,hqdm:references,hqdm:3badd42d-b024-4359-a0dd-67a49cc15fbf,,1,1,True,
hqdm:57defdea-3306-4304-8e64-34c4c7343e43,hqdmRelation:ad38c21f-7c6e-4171-9f3d-613341ef6362,hqdm:part_of,hqdm:a5e5fe62-9d87-422e-bd87-f56cab26f2f6,hqdmRelation:d9b981fa-8fc5-4bab-ab62-91be3fe97657,1,1,True,
hqdm:15f2a672-930e-4101-be71-402c2c4ce65e,hqdmRelation:a19e75a1-a741-4cb7-a816-0a9a890b9431,hqdm:references,hqdm:f9ed3970-9141-471d-82e6-536e32fb6064,hqdmRelation:947959ed-eb8a-4a09-a742-e2d6adf16cb0,1,1,True,
hqdm:15f2a672-930e-4101-be71-402c2c4ce65e,hqdmRelation:f8015bcc-980d-45ac-b0a4-34d5be0d7794,hqdm:part_of,hqdm:c26908a0-5b98-4ec0-ad81-1198300bd09d,hqdmRelation:ad38c21f-7c6e-4171-9f3d-613341ef6362,1,1,True,
hqdm:07d5cfb9-1dc5-41ca-bd9c-a298a16e6767,hqdmRelation:427271d2-47d4-4db6-a3af-1661e6632cf4,hqdm:member_of,hqdm:65f62d48-a12c-42f6-a4e6-ad69ff713444,hqdmRelation:f9d8f474-605e-4a7b-94b1-c6ad1e2c4b14,0,-1,True,
hqdm:07d5cfb9-1dc5-41ca-bd9c-a298a16e6767,hqdmRelation:146cd945-6230-4c1f-a76c-df9e6b192202,hqdm:member_of_kind,hqdm:4ab749af-25a0-4906-8783-9337a543dffa,hqdmRelation:f9d8f474-605e-4a7b-94b1-c6ad1e2c4b14,1,-1,True,
hqdm:07d5cfb9-1dc5-41ca-bd9c-a298a16e6767,hqdmRelation:ebb8de78-9ec0-4375-acb9-15f3646ae9f0,hqdm:consists_of_participant,hqdm:f9d69eb8-9ab7-44da-b9d0-8256de2b4497,,1,-1,False,
hqdm:43ab843d-dfea-473d-bce4-72ff8c9b7e63,hqdmRelation:086973b5-c855-49ae-92ab-ec6aba6a4671,hqdm:temporal_part_of,hqdm:07d5cfb9-1dc5-41ca-bd9c-a298a16e6767,hqdmRelation:87bd55fd-4cc7-423d-90ab-a237cd759fb0,0,-1,True,
hqdm:43ab843d-dfea-473d-bce4-72ff8c9b7e63,hqdmRelation:f9d8f474-605e-4a7b-94b1-c6ad1e2c4b14,hqdm:member_of,hqdm:d1671586-74bf-4c53-adcc-d585940b661b,hqdmRelation:65553ab0-e43d-4f6c-8f1d-76dad4610a54,0,-1,True,
hqdm:822e4ff2-5e3a-46dd-837f-6bf1d1ad8962,hqdmRelation:e1401859-600a-476d-8f00-16ae54c27d42,hqdm:ending,hqdm:67b82398-b80b-4ee3-aa2f-4bc33074c7f4,,0,-1,True,
hqdm:822e4ff2-5e3a-46dd-837f-6bf1d1ad8962,hqdmRelation:e76b901c-0b46-4456-bfed-c81393f0f2bc,hqdm:beginning,hqdm:fc9185a7-9137-4150-b313-3def1dee1ae6,,0,-1,True,
hqdm:822e4ff2-5e3a-46dd-837f-6bf1d1ad8962,hqdmRelation:56bc3d47-7cc2-4b7e-b96a-f2e712f91a54,hqdm:consists_of_participant,hqdm:3182e918-f5db-4b23-8c37-dbe73af104f5,hqdmRelation:ebb8de78-9ec0-4375-acb9-15f3646ae9f0,1,1,True,
hqdm:822e4ff2-5e3a-46dd-837f-6bf1d1ad8962,hqdmRelation:2f4bfa79-e9e3-4d9e-8c9a-8034461d1fe0,hqdm:consists_of_participant_,hqdm:f235e2b3-d6d8-4f89-93b3-d13121872563,hqdmRelation:ebb8de78-9ec0-4375-acb9-15f3646ae9f0,1,1,False,
hqdm:0bd0dc56-30f4-44b6-97ce-1ca61d954f97,hqdmRelation:6d6db54e-cc5c-4756-8b9d-a0d0b5cea9b5,hqdm:consists_of_participant,hqdm:4bc3cccc-e061-400e-9e1a-ab54a54952c6,hqdmRelation:ebb8de78-9ec0-4375-acb9-15f3646ae9f0,1,1,True,
hqdm:0bd0dc56-30f4-44b6-97ce-1ca61d954f97,hqdmRelation:9e7e5d15-c5ee-4b38-90bd-a175451926c5,hqdm:consists_of_participant_,hqdm:bad5b7e0-8a1a-46e2-8e52-23948bad1698,hqdmRelation:ebb8de78-9ec0-4375-acb9-15f3646ae9f0,1,1,False,
hqdm:4bc3cccc-e061-400e-9e1a-ab54a54952c6,hqdmRelation:d15201ff-74e1-411b-a1c7-d2019ee507e3,hqdm:participant_in,hqdm:0bd0dc56-30f4-44b6-97ce-1ca61d954f97,hqdmRelation:3a3ccd18-3705-44b9-a248-614e8a9d720d,1,1,True,
hqdm:bad5b7e0-8a1a-46e2-8e52-23948bad1698,hqdmRelation:402dd44a-a3bd-4b98-bcec-fd8043cc0a4d,hqdm:participant_in,hqdm:0bd0dc56-30f4-44b6-97ce-1ca61d954f97,hqdmRelation:3a3ccd18-3705-44b9-a248-614e8a9d720d,1,1,True,
hqdm:b2471599-92bc-494d-8108-6be9895128a7,hqdmRelation:e24858f8-1966-41e8-8e07-ccfe138c4757,hqdm:represents,hqdm:e5ec5d9e-afea-44f7-93c9-699cd5072d90,,1,-1,False,
hqdm:b2471599-92bc-494d-8108-6be9895128a7,hqdmRelation:9121fed5-3ee3-4ffb-bb0c-b788c9f126ee,hqdm:member_of,hqdm:a6fa4ee6-34d4-4a7c-9f52-d9df85cc5985,hqdmRelation:427271d2-47d4-4db6-a3af-1661e6632cf4,0,-1,True,
hqdm:b2471599-92bc-494d-8108-6be9895128a7,hqdmRelation:0a68a05a-6cb4-4a14-b1f7-0688f22eb041,hqdm:member_of_,hqdm:17f56403-3bbe-4529-b72e-dc47793983b9,hqdmRelation:427271d2-47d4-4db6-a3af-1661e6632cf4,1,1,False,
hqdm:b2471599-92bc-494d-8108-6be9895128a7,hqdmRelation:29083640-7524-4750-8bb7-b228e8df7983,hqdm:consists_of_,hqdm:fcae9992-8838-447e-a530-5f63aab304b2,,1,-1,False,
hqdm:b2471599-92bc-494d-8108-6be9895128a7,hqdmRelation:d60aefa6-c830-4bca-b6a3-4bae917e66fe,hqdm:consists_of,hqdm:4e292a65-9a0d-4bfa-9e4f-16ae238c2627,,1,-1,False,
hqdm:17f56403-3bbe-4529-b72e-dc47793983b9,hqdmRelation:ad4cf03b-1d43-439b-87d9-c5bcf1aa7758,hqdm:represented,hqdm:e5ec5d9e-afea-44f7-93c9-699cd5072d90,,1,-1,False,
hqdm:17f56403-3bbe-4529-b72e-dc47793983b9,hqdmRelation:6700c284-60c9-4fcb-bb4c-61461db845c8,hqdm:consists_of_by_class,hqdm:efbfe0f6-376d-4461-9f47-f4823d8a426b,,1,1,False,
hqdm:17f56403-3bbe-4529-b72e-dc47793983b9,hqdmRelation:5b92a20d-c483-4f10-ba41-b5b83bc72f23,hqdm:consists_of_in_members,hqdm:fcae9992-8838-447e-a530-5f63aab304b2,,1,-1,False,
hqdm:0868e6c6-20de-4460-a49d-c2e2b6a503a9,hqdmRelation:ae6e2a29-0be4-41a7-848f-a689e96b89f7,hqdm:represented,hqdm:fd536c7a-ab53-4706-9184-19df9f7d3098,,1,1,True,
hqdm:0868e6c6-20de-4460-a49d-c2e2b6a503a9,hqdmRelation:fd837966-bd60-454d-815f-ab48fddb2e91,hqdm:consists_of_by_class,,,1,1,True,
hqdm:0868e6c6-20de-4460-a49d-c2e2b6a503a9,hqdmRelation:f1ce2f5c-71e3-445b-8a60-92b66df56400,hqdm:uses,hqdm:a63de5df-381c-448d-9b7b-573515d0601b,,0,-1,False,
hqdm:a348a810-bf17-4cad-81d8-b2691c2ad2d9,hqdmRelation:b6dd75f2-55fa-4236-912c-cda42fe1e290,hqdm:represented,hqdm:4a8cba08-035c-4902-935b-26da61ed282c,hqdmRelation:ad4cf03b-1d43-439b-87d9-c5bcf1aa7758,1,1,True,
hqdm:fcae9992-8838-447e-a530-5f63aab304b2,hqdmRelation:06560314-4e85-48f9-85bb-178b4cdc5064,hqdm:participant_in,hqdm:b2471599-92bc-494d-8108-6be9895128a7,hqdmRelation:3a3ccd18-3705-44b9-a248-614e8a9d720d,0,-1,True,
hqdm:af99cda1-e45a-4f11-a5b1-4ad73bbc959a,hqdmRelation:1c20a1de-d959-4127-b31e-a9dbbec8f93c,hqdm:temporal_part_of,hqdm:c951c5a0-4228-4c90-af97-38be3a1cd2a4,hqdmRelation:ed47bf86-2206-419a-89eb-0934736f31be,0,-1,True,
hqdm:4e292a65-9a0d-4bfa-9e4f-16ae238c2627,hqdmRelation:175d12fe-3377-46e2-8cb5-77d782b325c8,hqdm:member_of,hqdm:17b9a165-a969-4871-8a7d-2b9b6c7c6168,hqdmRelation:6d99f499-d97c-4153-9f28-0194d035f939,0,-1,True,
hqdm:4e292a65-9a0d-4bfa-9e4f-16ae238c2627,hqdmRelation:6c86112b-e7bd-4473-9e80-81225f8f392f,hqdm:member_of_,hqdm:efbfe0f6-376d-4461-9f47-f4823d8a426b,hqdmRelation:6d99f499-d97c-4153-9f28-0194d035f939,1,1,False,
hqdm:4e292a65-9a0d-4bfa-9e4f-16ae238c2627,hqdmRelation:20e0f8a8-7527-47d6-9755-402851231b9f,hqdm:participant_in,hqdm:b2471599-92bc-494d-8108-6be9895128a7,hqdmRelation:3a3ccd18-3705-44b9-a248-614e8a9d720d,1,-1,True,
hqdm:b7fa66e2-abd4-488f-9340-3cd9420d4a9f,hqdmRelation:e94c08c9-f7f5-434a-ac38-2c3f21f3f6e1,hqdm:temporal_part_of,hqdm:4e292a65-9a0d-4bfa-9e4f-16ae238c2627,hqdmRelation:dfcbe928-c654-455a-91ba-92a36394c03f,0,-1,True,
hqdm:b7fa66e2-abd4-488f-9340-3cd9420d4a9f,hqdmRelation:6d99f499-d97c-4153-9f28-0194d035f939,hqdm:member_of,hqdm:7ddc2bde-e95b-4825-8431-e1a2ad2ef472,hqdmRelation:cf4fd4fe-a4c2-4cfe-8e76-f79901d02dd4,0,-1,True,
hqdm:6a4fef6e-eb0e-465a-bdfe-6738cf2a8b33,hqdmRelation:c9e86868-870a-4fce-85b6-05743d0a0556,hqdm:component_of,hqdm:f19c97e0-861a-40e9-94f4-04ef71d49bdd,hqdmRelation:5df20202-283c-4273-9551-456cc182dd0d,1,1,True,
hqdm:6a4fef6e-eb0e-465a-bdfe-6738cf2a8b33,hqdmRelation:abfcb8f8-f6f0-4f0c-8b7a-f17ad418c6c3,hqdm:member_of,hqdm:0ba7da14-df50-47bb-bc53-e06ec699e78f,hqdmRelation:d16d76ae-60fa-4edf-a6ea-6eee179e3875,0,-1,True,
hqdm:6a4fef6e-eb0e-465a-bdfe-6738cf2a8b33,hqdmRelation:540ce13b-e48b-4ee5-8c30-4b159f3f5227,hqdm:member_of_kind,hqdm:1c59d6d4-6324-4f82-92d5-61e4cf5e8d08,hqdmRelation:d16d76ae-60fa-4edf-a6ea-6eee179e3875,0,-1,True,
hqdm:684c4991-c599-41d0-a13b-ec40ae4c974f,hqdmRelation:6721e11d-5878-4e43-99cc-37fdc955ecfa,hqdm:temporal_part_of,hqdm:6a4fef6e-eb0e-465a-bdfe-6738cf2a8b33,hqdmRelation:dfcbe928-c654-455a-91ba-92a36394c03f,0,-1,True,
hqdm:684c4991-c599-41d0-a13b-ec40ae4c974f,hqdmRelation:d16d76ae-60fa-4edf-a6ea-6eee179e3875,hqdm:member_of,hqdm:41489e64-4d2e-4bef-b89f-a593cab8febb,hqdmRelation:cf4fd4fe-a4c2-4cfe-8e76-f79901d02dd4,0,-1,True,
hqdm:235c90e8-d604-4666-92cb-7677b11b9842,hqdmRelation:a905c4fe-ae80-42a8-b44f-7758c101923e,hqdm:temporal_part_of,hqdm:000b059d-4859-4734-a06d-42f2c43e79b4,hqdmRelation:6721e11d-5878-4e43-99cc-37fdc955ecfa,0,-1,True,
hqdm:235c90e8-d604-4666-92cb-7677b11b9842,hqdmRelation:d787b86b-2cce-4c73-a88c-83e155471bfc,hqdm:member_of,hqdm:f6a45033-f1ae-4733-851f-5c4b451c6d45,hqdmRelation:d16d76ae-60fa-4edf-a6ea-6eee179e3875,0,-1,True,
hqdm:000b059d-4859-4734-a06d-42f2c43e79b4,hqdmRelation:3ae53390-2fc2-45c5-8501-31ad98b77905,hqdm:member_of,hqdm:6ad1434d-56f4-437b-a580-c41c3bf901a6,hqdmRelation:d787b86b-2cce-4c73-a88c-83e155471bfc,0,-1,True,
hqdm:000b059d-4859-4734-a06d-42f2c43e79b4,hqdmRelation:5c648862-5194-475d-b1c8-9366188d277c,hqdm:member_of_kind,hqdm:a87dc0c2-7f04-4e33-95eb-750bbbeb5dbd,hqdmRelation:d787b86b-2cce-4c73-a88c-83e155471bfc,0,-1,True,
hqdm:22937432-bf11-4649-b3aa-e5812a5286f4,hqdmRelation:534fd4a3-1c6c-4ffb-b795-2ac3bb8ff7c5,hqdm:member_of,hqdm:c91122bc-9e29-4ef3-80a1-6061513c195d,hqdmRelation:d787b86b-2cce-4c73-a88c-83e155471bfc,0,-1,True,
hqdm:2ebbbc2c-8859-4909-8fb3-55545467642d,hqdmRelation:771a2e2c-5f6c-4600-9a11-0a8773aa5f64,hqdm:member_of,hqdm:16cc47aa-c8b9-42fb-8aa8-caf1b765c3a4,hqdmRelation:b2259b35-a177-41e8-83bd-129a55537871,0,-1,True,
hqdm:20a6c495-a478-4b18-83b1-ab97ef909665,hqdmRelation:f5f3e50e-8cc0-4eca-a846-b768eee13e0c,hqdm:member_of,hqdm:57d77eb1-397a-4966-8f9f-51812b2287bc,hqdmRelation:771a2e2c-5f6c-4600-9a11-0a8773aa5f64,0,-1,True,
hqdm:a9442d42-4cf5-4b2a-bc83-cdc9e0dbfbd3,hqdmRelation:9ab60e5b-7e89-4019-aa45-5cb50d19c45a,hqdm:member_of,hqdm:adb7bb49-78ed-4e0a-9673-afe45d381f04,hqdmRelation:771a2e2c-5f6c-4600-9a11-0a8773aa5f64,0,-1,True,
hqdm:8ea0afa5-1e03-4bcd-a884-9c09e2498bca,hqdmRelation:99d119af-0976-4bcc-9c6f-cf58c68af12a,hqdm:temporal_part_of,hqdm:a6970168-65c7-49aa-8429-c2230ec69003,hqdmRelation:d6865f69-4c0c-4a3d-9d95-803ddce86b82,0,-1,True,
hqdm:8ea0afa5-1e03-4bcd-a884-9c09e2498bca,hqdmRelation:298b3b3e-e2fa-4af8-8d7e-0949c215ddc7,hqdm:member_of,hqdm:0caf53a6-6642-4067-94c4-5d240d307d90,hqdmRelation:ce789976-153f-45da-81cf-70f6665c0853,0,-1,True,
hqdm:a49dde2f-b3f8-4d51-8fc3-12d0f185d5f3,hqdmRelation:9176ffe7-5b68-4ea4-b7e8-5f4a13650bf4,hqdm:member_of,hqdm:16da19b2-f39c-46cd-afc6-70581ccf048e,hqdmRelation:81589659-b10c-446e-95f1-4c38b919ae59,0,-1,True,
hqdm:a49dde2f-b3f8-4d51-8fc3-12d0f185d5f3,hqdmRelation:485a7a64-480b-489c-9520-e7061ba8f60c,hqdm:member_of_kind,hqdm:5f22208e-72cb-4098-942b-e85246b48208,hqdmRelation:81589659-b10c-446e-95f1-4c38b919ae59,0,-1,True,
hqdm:dabf85cb-c1e7-489b-aa66-0572dd1bd1dd,hqdmRelation:8b93cb3e-2b31-48cd-9801-114e33184075,hqdm:member_of,hqdm:77784a67-f694-4a14-9be3-3aabb3dd71da,hqdmRelation:542f8aa4-ab24-4a48-9fe2-2adda03e2632,0,-1,True,
hqdm:dabf85cb-c1e7-489b-aa66-0572dd1bd1dd,hqdmRelation:2276fddc-a7bc-430d-9aed-be97b109a5cb,hqdm:member_of_kind,hqdm:69237cad-6966-4825-ba09-f1402bc93e91,hqdmRelation:542f8aa4-ab24-4a48-9fe2-2adda03e2632,0,-1,True,
hqdm:22ff3254-a3d2-401e-bc2c-d8290558e708,hqdmRelation:9a6d78c6-1dd9-489c-8694-bca8485a3176,hqdm:member_of,hqdm:6c920aab-70be-4cc5-a1a7-393f638ea5d2,hqdmRelation:0c2cbf60-72fe-40db-aa23-d4088358cea6,0,-1,True,
hqdm:22ff3254-a3d2-401e-bc2c-d8290558e708,hqdmRelation:a0b87756-0d14-4777-9718-d6266b19affe,hqdm:member_of_kind,hqdm:73b12acd-dc2e-4b10-b574-731e07c6d049,hqdmRelation:0c2cbf60-72fe-40db-aa23-d4088358cea6,0,-1,True,
hqdm:a1daa215-0e0e-49e1-8d0a-4ce7056c81b4,hqdmRelation:6382ae33-0f9d-4c50-b070-e369891fe910,hqdm:member_of,hqdm:1934d6d0-944a-4d15-82fb-1c518cc4caae,hqdmRelation:11167b17-7ef7-4ce7-9360-5a8a20bcca41,0,-1,True,
hqdm:98bbb226-e02a-456f-bd33-b6a4ea69e5b0,hqdmRelation:ddffdf6e-3de8-491d-8644-0d9fbbe20750,hqdm:temporal_part_of,hqdm:a1daa215-0e0e-49e1-8d0a-4ce7056c81b4,hqdmRelation:9983fff9-72b0-43e1-9d77-0fd810e2ac0a,0,-1,True,
hqdm:98bbb226-e02a-456f-bd33-b6a4ea69e5b0,hqdmRelation:11167b17-7ef7-4ce7-9360-5a8a20bcca41,hqdm:member_of,hqdm:69db834e-6958-4a1b-b6b8-363be1a94261,hqdmRelation:f04f668e-5a43-41af-82e0-5806e3ca3118,0,-1,True,
hqdm:46b71552-11c9-4be1-a118-c879db176c00,hqdmRelation:c286c9a9-dbf1-4779-a068-3d62446c7a0f,hqdm:defined_by,hqdm:ee5bfb21-1a52-4e7a-ac5a-9389353a4c7f,,1,1,False,
hqdm:46b71552-11c9-4be1-a118-c879db176c00,hqdmRelation:13367d88-c8ca-4aff-a7d7-723fae7ed8de,hqdm:part_of_plan,hqdm:7364e2cb-0a0b-4380-a51d-3e95e888eb0c,,1,-1,False,


Relations All Done!

